{"stats":{"minecraft:dropped":{"minecraft:oak_log":1,"minecraft:wooden_axe":2,"minecraft:grass_block":1},"minecraft:custom":{"minecraft:time_since_rest":64975,"minecraft:crouch_one_cm":900,"minecraft:sprint_one_cm":32975,"minecraft:play_time":64975,"minecraft:walk_one_cm":111602,"minecraft:sneak_time":2718,"minecraft:walk_under_water_one_cm":461,"minecraft:mob_kills":3,"minecraft:drop":4,"minecraft:jump":297,"minecraft:damage_dealt":750,"minecraft:leave_game":4,"minecraft:walk_on_water_one_cm":1279,"minecraft:time_since_death":64975,"minecraft:total_world_time":65920,"minecraft:fly_one_cm":3001095},"minecraft:killed":{"reignofnether:villager_unit":3},"minecraft:used":{"minecraft:shroomlight":7,"minecraft:oak_log":134,"minecraft:wooden_axe":6,"minecraft:water_bucket":7,"minecraft:netherite_sword":8,"minecraft:light":13,"minecraft:light_gray_stained_glass":9,"minecraft:magma_block":25,"minecraft:coal_ore":4,"minecraft:dark_oak_log":5,"minecraft:red_wool":13,"minecraft:cut_copper_slab":6,"minecraft:grass_block":22,"minecraft:barrier":1,"minecraft:stone":135,"minecraft:red_mushroom_block":176,"minecraft:diamond_ore":4,"minecraft:raw_gold_block":42,"minecraft:pumpkin":26,"minecraft:stone_bricks":4,"minecraft:crimson_stem":52},"minecraft:picked_up":{"minecraft:wooden_axe":1,"minecraft:stick":3,"minecraft:oak_sapling":5}},"DataVersion":3120}